,0,1,2,3,4,5,6,7,8,9,10,11,12,13,14,15,16,17,18,19,20,21,22,23,24,25,26,27,28,29,30,31,32,33,34,35,36,37,38,39,40,41,42,43,44,45,46,47,48,49,50,51,52,53,54,55,56,57,58,59,60,61,62,63,64,65,66,67,68,69,70,71,72,73,74,75,76,77,78,79,80,81,82,83,84,85,86,87,88,89,90,91,92,93,94,95,96,97,98,99,100
0,78.0,153.0,1.0,165.0,146.0,1.0,0.0,50.0,12.0,1.0,45.0,94.0,1.0,113.0,12.0,0.0,75.0,60.0,81.0,62.0,8.0,72.0,214.0,0.0,291.0,144.0,1.0,34.0,61.0,225.0,259.0,1.0,264.0,0.0,21.0,29.0,115.0,1.0,1.0,135.0,90.0,28.0,0.0,241.0,0.0,261.0,110.0,39.0,1.0,0.0,152.0,75.0,68.0,1.0,1.0,89.0,7.0,7.0,1.0,4.0,0.0,61.0,97.0,2.0,181.0,1.0,32.0,198.0,0.0,45.0,1.0,204.0,0.0,93.0,168.0,1.0,0.0,78.0,112.0,302.0,155.0,1.0,235.0,1.0,7.0,238.0,15.0,101.0,1.0,219.0,0.0,31.0,221.0,0.0,1.0,112.0,188.0,0.0,128.0,0.0,1.0
1,80.0,157.0,3.0,167.0,148.0,3.0,2.0,54.0,14.0,3.0,49.0,96.0,3.0,115.0,14.0,4.0,77.0,62.0,83.0,64.0,10.0,82.0,218.0,2.0,297.0,146.0,3.0,36.0,65.0,227.0,265.0,3.0,268.0,2.0,27.0,31.0,123.0,13.0,3.0,137.0,94.0,30.0,188.0,243.0,2.0,263.0,112.0,41.0,145.0,6.0,154.0,83.0,70.0,11.0,5.0,91.0,9.0,9.0,3.0,6.0,2.0,65.0,103.0,6.0,185.0,3.0,34.0,200.0,2.0,51.0,3.0,206.0,20.0,97.0,176.0,3.0,2.0,84.0,116.0,306.0,157.0,3.0,237.0,3.0,11.0,240.0,23.0,107.0,3.0,221.0,2.0,33.0,223.0,2.0,3.0,114.0,202.0,2.0,130.0,4.0,3.0
2,82.0,159.0,5.0,169.0,150.0,5.0,4.0,56.0,16.0,5.0,53.0,98.0,5.0,117.0,16.0,8.0,79.0,64.0,89.0,66.0,12.0,84.0,220.0,4.0,299.0,150.0,5.0,42.0,67.0,231.0,267.0,5.0,278.0,4.0,29.0,33.0,125.0,19.0,5.0,139.0,104.0,32.0,190.0,245.0,4.0,265.0,114.0,43.0,147.0,322.0,156.0,87.0,72.0,17.0,7.0,93.0,13.0,11.0,5.0,8.0,4.0,77.0,105.0,8.0,187.0,5.0,36.0,202.0,4.0,55.0,5.0,208.0,24.0,99.0,180.0,5.0,4.0,86.0,118.0,308.0,159.0,5.0,239.0,5.0,13.0,244.0,25.0,111.0,5.0,225.0,4.0,35.0,225.0,4.0,199.0,118.0,204.0,4.0,132.0,6.0,5.0
3,84.0,163.0,7.0,171.0,152.0,7.0,8.0,58.0,18.0,7.0,59.0,104.0,7.0,121.0,18.0,20.0,81.0,70.0,91.0,68.0,16.0,86.0,224.0,6.0,301.0,152.0,7.0,44.0,69.0,235.0,269.0,7.0,280.0,6.0,31.0,35.0,127.0,21.0,7.0,141.0,118.0,34.0,192.0,247.0,6.0,267.0,116.0,45.0,149.0,330.0,158.0,89.0,74.0,19.0,9.0,95.0,17.0,13.0,7.0,12.0,6.0,83.0,109.0,12.0,191.0,7.0,38.0,204.0,6.0,57.0,7.0,210.0,26.0,101.0,182.0,11.0,12.0,88.0,120.0,310.0,161.0,7.0,241.0,7.0,15.0,248.0,27.0,113.0,7.0,227.0,6.0,37.0,229.0,6.0,205.0,120.0,206.0,8.0,134.0,10.0,7.0
4,86.0,167.0,9.0,173.0,154.0,9.0,10.0,60.0,20.0,9.0,67.0,106.0,9.0,125.0,20.0,32.0,83.0,72.0,93.0,70.0,18.0,88.0,226.0,8.0,303.0,154.0,9.0,46.0,71.0,237.0,271.0,9.0,282.0,8.0,33.0,37.0,129.0,23.0,9.0,143.0,120.0,36.0,196.0,249.0,8.0,269.0,118.0,47.0,151.0,332.0,160.0,95.0,76.0,21.0,11.0,97.0,19.0,15.0,9.0,14.0,8.0,89.0,115.0,14.0,197.0,9.0,40.0,206.0,8.0,59.0,9.0,212.0,28.0,103.0,190.0,13.0,26.0,94.0,122.0,312.0,163.0,9.0,243.0,9.0,17.0,250.0,37.0,119.0,9.0,229.0,8.0,39.0,231.0,8.0,207.0,122.0,208.0,10.0,136.0,14.0,9.0
5,88.0,171.0,11.0,175.0,156.0,11.0,12.0,62.0,22.0,11.0,69.0,108.0,11.0,127.0,22.0,36.0,85.0,76.0,95.0,72.0,20.0,92.0,228.0,10.0,305.0,156.0,11.0,52.0,73.0,239.0,273.0,11.0,284.0,10.0,35.0,39.0,131.0,25.0,11.0,145.0,124.0,38.0,200.0,251.0,10.0,271.0,120.0,49.0,153.0,334.0,162.0,97.0,78.0,23.0,13.0,101.0,21.0,17.0,11.0,18.0,10.0,91.0,117.0,16.0,199.0,11.0,42.0,208.0,10.0,61.0,11.0,214.0,30.0,105.0,194.0,15.0,34.0,96.0,124.0,314.0,165.0,11.0,245.0,13.0,19.0,256.0,39.0,121.0,11.0,231.0,10.0,41.0,233.0,10.0,213.0,124.0,210.0,12.0,138.0,16.0,11.0
6,90.0,175.0,13.0,177.0,158.0,13.0,14.0,64.0,24.0,13.0,71.0,110.0,13.0,131.0,24.0,44.0,87.0,78.0,97.0,74.0,22.0,94.0,230.0,12.0,307.0,158.0,13.0,58.0,75.0,241.0,275.0,17.0,286.0,12.0,37.0,41.0,133.0,27.0,13.0,149.0,128.0,40.0,204.0,253.0,12.0,273.0,122.0,51.0,155.0,336.0,164.0,99.0,80.0,25.0,15.0,105.0,23.0,19.0,13.0,20.0,12.0,93.0,119.0,18.0,201.0,13.0,44.0,210.0,12.0,63.0,13.0,216.0,32.0,129.0,196.0,19.0,38.0,98.0,126.0,316.0,167.0,13.0,247.0,15.0,21.0,258.0,43.0,123.0,13.0,233.0,12.0,43.0,235.0,12.0,215.0,128.0,212.0,14.0,140.0,18.0,13.0
7,92.0,177.0,15.0,179.0,160.0,15.0,16.0,66.0,26.0,15.0,73.0,112.0,15.0,133.0,26.0,46.0,89.0,80.0,99.0,76.0,24.0,96.0,232.0,14.0,309.0,160.0,15.0,62.0,77.0,243.0,277.0,25.0,288.0,14.0,39.0,43.0,135.0,29.0,15.0,151.0,130.0,42.0,208.0,255.0,14.0,275.0,124.0,53.0,157.0,338.0,166.0,101.0,82.0,27.0,17.0,113.0,25.0,21.0,15.0,22.0,14.0,95.0,121.0,20.0,203.0,15.0,46.0,212.0,14.0,65.0,15.0,218.0,34.0,139.0,198.0,21.0,58.0,100.0,128.0,318.0,169.0,15.0,249.0,17.0,23.0,260.0,45.0,125.0,15.0,235.0,14.0,45.0,237.0,14.0,217.0,130.0,214.0,16.0,142.0,22.0,15.0
8,94.0,179.0,17.0,181.0,162.0,17.0,18.0,68.0,28.0,17.0,77.0,114.0,17.0,135.0,28.0,54.0,91.0,82.0,101.0,80.0,26.0,98.0,234.0,18.0,311.0,164.0,17.0,66.0,79.0,245.0,279.0,29.0,290.0,16.0,41.0,45.0,137.0,31.0,17.0,153.0,132.0,44.0,210.0,257.0,16.0,277.0,126.0,55.0,159.0,340.0,168.0,103.0,84.0,29.0,19.0,115.0,27.0,23.0,17.0,24.0,16.0,97.0,123.0,24.0,205.0,17.0,48.0,214.0,16.0,67.0,17.0,220.0,36.0,141.0,200.0,23.0,62.0,102.0,130.0,320.0,171.0,17.0,251.0,19.0,25.0,262.0,47.0,127.0,17.0,237.0,16.0,47.0,239.0,16.0,219.0,132.0,216.0,24.0,144.0,24.0,17.0
9,96.0,181.0,19.0,183.0,164.0,19.0,20.0,70.0,30.0,19.0,79.0,116.0,19.0,137.0,30.0,56.0,93.0,84.0,103.0,82.0,28.0,100.0,236.0,24.0,313.0,166.0,19.0,68.0,81.0,247.0,281.0,33.0,292.0,18.0,43.0,47.0,139.0,33.0,19.0,155.0,134.0,46.0,212.0,261.0,18.0,279.0,128.0,57.0,161.0,342.0,170.0,105.0,86.0,31.0,21.0,117.0,29.0,27.0,19.0,26.0,18.0,103.0,125.0,32.0,207.0,19.0,50.0,216.0,18.0,69.0,25.0,222.0,38.0,151.0,202.0,25.0,66.0,104.0,132.0,322.0,173.0,19.0,253.0,27.0,27.0,264.0,49.0,129.0,19.0,239.0,18.0,49.0,241.0,18.0,221.0,134.0,218.0,26.0,146.0,26.0,19.0
10,98.0,185.0,21.0,191.0,166.0,21.0,24.0,72.0,32.0,21.0,81.0,118.0,21.0,139.0,32.0,58.0,95.0,86.0,105.0,84.0,32.0,102.0,238.0,28.0,315.0,170.0,21.0,70.0,83.0,249.0,283.0,37.0,294.0,20.0,45.0,49.0,141.0,35.0,21.0,157.0,136.0,48.0,220.0,269.0,20.0,285.0,130.0,59.0,163.0,344.0,172.0,107.0,88.0,33.0,23.0,119.0,31.0,29.0,21.0,28.0,22.0,107.0,127.0,34.0,209.0,21.0,52.0,220.0,20.0,71.0,29.0,224.0,40.0,163.0,204.0,27.0,68.0,106.0,134.0,324.0,175.0,21.0,255.0,53.0,29.0,266.0,51.0,131.0,21.0,241.0,20.0,51.0,245.0,20.0,223.0,136.0,220.0,28.0,148.0,28.0,21.0
11,100.0,187.0,23.0,197.0,168.0,23.0,28.0,74.0,40.0,23.0,83.0,130.0,23.0,141.0,34.0,262.0,97.0,88.0,107.0,86.0,44.0,104.0,240.0,32.0,319.0,172.0,23.0,72.0,85.0,251.0,285.0,39.0,296.0,22.0,47.0,51.0,145.0,43.0,23.0,159.0,138.0,50.0,222.0,271.0,22.0,289.0,132.0,61.0,165.0,346.0,174.0,109.0,90.0,35.0,25.0,121.0,33.0,31.0,23.0,30.0,32.0,109.0,129.0,36.0,211.0,23.0,54.0,232.0,22.0,73.0,33.0,230.0,42.0,165.0,206.0,29.0,70.0,108.0,136.0,326.0,177.0,23.0,257.0,55.0,31.0,268.0,53.0,135.0,23.0,243.0,24.0,53.0,247.0,22.0,225.0,138.0,222.0,30.0,150.0,34.0,23.0
12,102.0,189.0,25.0,203.0,170.0,25.0,286.0,76.0,42.0,25.0,85.0,132.0,25.0,143.0,36.0,264.0,99.0,90.0,109.0,88.0,46.0,106.0,242.0,34.0,321.0,174.0,25.0,74.0,87.0,253.0,287.0,41.0,298.0,24.0,49.0,53.0,147.0,45.0,25.0,161.0,140.0,58.0,224.0,273.0,30.0,291.0,134.0,63.0,167.0,348.0,176.0,111.0,92.0,37.0,27.0,123.0,35.0,33.0,25.0,32.0,38.0,111.0,131.0,38.0,213.0,33.0,56.0,234.0,266.0,75.0,39.0,232.0,44.0,167.0,208.0,31.0,72.0,110.0,138.0,328.0,179.0,25.0,259.0,59.0,33.0,270.0,55.0,137.0,27.0,245.0,26.0,55.0,249.0,24.0,227.0,140.0,224.0,32.0,152.0,40.0,25.0
13,104.0,191.0,27.0,207.0,172.0,27.0,288.0,78.0,46.0,27.0,87.0,134.0,27.0,145.0,38.0,266.0,101.0,92.0,111.0,90.0,48.0,108.0,244.0,36.0,323.0,176.0,27.0,76.0,89.0,255.0,289.0,43.0,300.0,26.0,51.0,55.0,149.0,47.0,27.0,163.0,142.0,60.0,226.0,275.0,34.0,293.0,136.0,65.0,169.0,350.0,180.0,113.0,94.0,39.0,29.0,125.0,37.0,35.0,27.0,34.0,40.0,113.0,133.0,40.0,215.0,39.0,58.0,236.0,268.0,77.0,45.0,236.0,46.0,169.0,210.0,33.0,74.0,112.0,140.0,330.0,181.0,27.0,261.0,61.0,49.0,272.0,57.0,139.0,29.0,247.0,34.0,57.0,251.0,26.0,229.0,142.0,226.0,34.0,154.0,164.0,29.0
14,106.0,193.0,29.0,209.0,174.0,29.0,290.0,80.0,48.0,29.0,89.0,136.0,29.0,149.0,40.0,268.0,103.0,94.0,113.0,92.0,50.0,110.0,248.0,38.0,325.0,178.0,29.0,78.0,91.0,257.0,291.0,45.0,302.0,28.0,53.0,57.0,151.0,49.0,29.0,165.0,144.0,62.0,230.0,283.0,36.0,295.0,138.0,67.0,171.0,352.0,184.0,115.0,96.0,41.0,31.0,127.0,39.0,37.0,37.0,36.0,42.0,115.0,135.0,42.0,217.0,41.0,60.0,238.0,270.0,79.0,47.0,240.0,48.0,171.0,212.0,35.0,76.0,114.0,142.0,332.0,183.0,29.0,263.0,63.0,51.0,274.0,59.0,141.0,33.0,249.0,38.0,59.0,253.0,28.0,231.0,144.0,228.0,36.0,156.0,166.0,31.0
15,108.0,195.0,31.0,211.0,176.0,31.0,292.0,82.0,50.0,31.0,91.0,138.0,31.0,151.0,42.0,270.0,105.0,96.0,115.0,94.0,52.0,112.0,250.0,40.0,327.0,180.0,31.0,80.0,93.0,259.0,293.0,47.0,304.0,30.0,,61.0,153.0,51.0,31.0,167.0,146.0,64.0,232.0,285.0,38.0,297.0,140.0,73.0,173.0,354.0,186.0,117.0,98.0,43.0,35.0,129.0,41.0,39.0,41.0,38.0,44.0,117.0,137.0,44.0,219.0,49.0,62.0,242.0,272.0,81.0,49.0,254.0,52.0,173.0,214.0,37.0,78.0,116.0,144.0,340.0,185.0,33.0,267.0,65.0,55.0,276.0,61.0,143.0,35.0,251.0,40.0,61.0,255.0,30.0,233.0,146.0,230.0,38.0,158.0,168.0,33.0
16,112.0,199.0,33.0,213.0,178.0,35.0,294.0,84.0,52.0,33.0,93.0,140.0,33.0,153.0,44.0,272.0,107.0,98.0,117.0,96.0,54.0,114.0,252.0,42.0,329.0,182.0,33.0,82.0,95.0,261.0,295.0,53.0,306.0,36.0,,63.0,155.0,53.0,33.0,169.0,148.0,66.0,234.0,287.0,40.0,299.0,142.0,77.0,175.0,356.0,188.0,119.0,100.0,45.0,39.0,133.0,43.0,41.0,45.0,40.0,46.0,119.0,139.0,46.0,221.0,51.0,64.0,244.0,274.0,83.0,51.0,258.0,316.0,175.0,216.0,39.0,80.0,118.0,146.0,322.0,187.0,39.0,271.0,69.0,57.0,278.0,63.0,145.0,37.0,253.0,42.0,63.0,257.0,32.0,235.0,148.0,232.0,40.0,160.0,170.0,39.0
17,114.0,201.0,35.0,217.0,180.0,37.0,296.0,86.0,54.0,35.0,95.0,142.0,35.0,155.0,46.0,274.0,109.0,100.0,119.0,98.0,56.0,116.0,254.0,44.0,333.0,184.0,35.0,84.0,97.0,263.0,297.0,57.0,308.0,40.0,,65.0,157.0,61.0,35.0,171.0,150.0,68.0,236.0,289.0,42.0,301.0,144.0,79.0,177.0,358.0,192.0,121.0,102.0,47.0,41.0,135.0,45.0,43.0,47.0,42.0,48.0,121.0,141.0,50.0,223.0,53.0,66.0,246.0,276.0,85.0,53.0,260.0,318.0,177.0,218.0,41.0,82.0,122.0,148.0,,189.0,41.0,275.0,71.0,59.0,280.0,65.0,147.0,39.0,255.0,44.0,65.0,259.0,34.0,237.0,150.0,234.0,42.0,162.0,172.0,41.0
18,120.0,203.0,37.0,219.0,186.0,43.0,298.0,92.0,56.0,37.0,97.0,144.0,37.0,157.0,48.0,276.0,111.0,102.0,121.0,100.0,58.0,118.0,256.0,46.0,335.0,186.0,37.0,86.0,99.0,265.0,299.0,63.0,310.0,44.0,,67.0,159.0,65.0,37.0,173.0,152.0,70.0,238.0,291.0,44.0,303.0,146.0,81.0,179.0,,194.0,123.0,104.0,49.0,43.0,137.0,47.0,45.0,49.0,44.0,50.0,123.0,143.0,62.0,227.0,75.0,68.0,250.0,278.0,87.0,55.0,264.0,320.0,179.0,220.0,43.0,84.0,124.0,150.0,,191.0,49.0,277.0,73.0,61.0,282.0,67.0,149.0,41.0,257.0,46.0,67.0,261.0,36.0,247.0,152.0,236.0,44.0,164.0,174.0,43.0
19,124.0,205.0,39.0,221.0,190.0,45.0,300.0,98.0,58.0,261.0,99.0,146.0,39.0,159.0,50.0,278.0,113.0,104.0,123.0,108.0,60.0,120.0,258.0,48.0,337.0,188.0,41.0,88.0,101.0,267.0,301.0,65.0,312.0,46.0,,69.0,161.0,81.0,39.0,175.0,154.0,72.0,240.0,293.0,46.0,305.0,148.0,83.0,181.0,,196.0,125.0,106.0,51.0,45.0,139.0,49.0,47.0,51.0,46.0,52.0,125.0,145.0,68.0,231.0,77.0,70.0,256.0,280.0,89.0,57.0,266.0,322.0,181.0,222.0,45.0,86.0,126.0,152.0,,193.0,51.0,279.0,77.0,63.0,284.0,69.0,151.0,43.0,259.0,48.0,69.0,263.0,38.0,249.0,154.0,238.0,46.0,166.0,176.0,45.0
20,126.0,207.0,41.0,223.0,,47.0,302.0,106.0,62.0,263.0,101.0,148.0,41.0,161.0,52.0,280.0,115.0,106.0,125.0,110.0,62.0,122.0,260.0,50.0,341.0,190.0,43.0,90.0,103.0,269.0,303.0,67.0,314.0,48.0,,71.0,163.0,83.0,41.0,177.0,156.0,74.0,242.0,295.0,48.0,307.0,150.0,85.0,183.0,,198.0,127.0,108.0,53.0,47.0,143.0,51.0,49.0,53.0,48.0,54.0,127.0,147.0,70.0,237.0,81.0,72.0,262.0,282.0,91.0,59.0,268.0,324.0,183.0,224.0,47.0,96.0,128.0,154.0,,195.0,53.0,281.0,81.0,65.0,286.0,71.0,153.0,45.0,261.0,50.0,71.0,265.0,40.0,267.0,156.0,240.0,50.0,168.0,178.0,49.0
21,130.0,209.0,43.0,225.0,,49.0,304.0,110.0,64.0,265.0,103.0,150.0,43.0,163.0,54.0,282.0,117.0,108.0,127.0,112.0,64.0,126.0,262.0,52.0,343.0,192.0,51.0,92.0,105.0,273.0,305.0,69.0,316.0,50.0,,73.0,165.0,85.0,43.0,179.0,160.0,76.0,244.0,297.0,50.0,309.0,152.0,87.0,185.0,,200.0,129.0,110.0,61.0,49.0,145.0,53.0,51.0,55.0,50.0,56.0,139.0,149.0,72.0,239.0,83.0,74.0,264.0,284.0,93.0,61.0,270.0,326.0,185.0,226.0,49.0,100.0,134.0,156.0,,197.0,59.0,283.0,83.0,67.0,288.0,73.0,155.0,47.0,263.0,52.0,73.0,267.0,42.0,269.0,158.0,242.0,62.0,172.0,180.0,51.0
22,132.0,213.0,45.0,227.0,,51.0,306.0,116.0,66.0,267.0,105.0,158.0,45.0,165.0,56.0,284.0,119.0,110.0,129.0,116.0,66.0,130.0,264.0,54.0,345.0,194.0,61.0,98.0,107.0,275.0,313.0,71.0,318.0,52.0,,75.0,167.0,87.0,45.0,181.0,164.0,78.0,246.0,299.0,52.0,311.0,154.0,89.0,187.0,,202.0,131.0,112.0,65.0,51.0,147.0,55.0,53.0,57.0,52.0,58.0,141.0,151.0,74.0,241.0,85.0,78.0,266.0,300.0,95.0,63.0,272.0,328.0,187.0,228.0,51.0,102.0,138.0,158.0,,199.0,61.0,289.0,93.0,69.0,290.0,75.0,157.0,49.0,265.0,54.0,75.0,269.0,44.0,273.0,160.0,244.0,68.0,174.0,182.0,53.0
23,134.0,215.0,47.0,229.0,,53.0,308.0,122.0,68.0,269.0,107.0,160.0,47.0,167.0,58.0,286.0,121.0,112.0,131.0,120.0,68.0,136.0,266.0,56.0,349.0,196.0,65.0,100.0,109.0,279.0,317.0,73.0,320.0,54.0,,79.0,169.0,89.0,47.0,183.0,166.0,80.0,248.0,301.0,54.0,313.0,156.0,91.0,189.0,,204.0,133.0,114.0,67.0,53.0,149.0,57.0,55.0,59.0,54.0,66.0,143.0,153.0,76.0,243.0,341.0,80.0,268.0,302.0,97.0,65.0,274.0,330.0,189.0,230.0,53.0,104.0,140.0,,,201.0,63.0,291.0,97.0,71.0,292.0,77.0,159.0,51.0,269.0,56.0,79.0,271.0,46.0,283.0,162.0,246.0,76.0,176.0,184.0,55.0
24,136.0,217.0,49.0,231.0,,55.0,310.0,132.0,70.0,271.0,109.0,162.0,51.0,169.0,60.0,288.0,123.0,114.0,133.0,122.0,70.0,138.0,268.0,58.0,351.0,198.0,67.0,102.0,111.0,281.0,319.0,77.0,322.0,56.0,,81.0,171.0,91.0,49.0,185.0,168.0,82.0,250.0,303.0,56.0,315.0,158.0,93.0,191.0,,206.0,111.0,116.0,69.0,55.0,151.0,59.0,61.0,61.0,56.0,84.0,145.0,155.0,78.0,245.0,343.0,82.0,270.0,304.0,107.0,67.0,276.0,332.0,191.0,232.0,55.0,106.0,98.0,,,203.0,65.0,293.0,103.0,73.0,294.0,79.0,161.0,53.0,279.0,58.0,81.0,273.0,48.0,289.0,164.0,250.0,82.0,178.0,186.0,57.0
25,138.0,221.0,51.0,233.0,,57.0,314.0,134.0,74.0,283.0,111.0,164.0,53.0,171.0,62.0,292.0,125.0,116.0,135.0,126.0,72.0,140.0,270.0,60.0,355.0,200.0,69.0,104.0,113.0,283.0,321.0,79.0,324.0,58.0,,83.0,173.0,93.0,51.0,187.0,170.0,84.0,252.0,305.0,60.0,317.0,160.0,95.0,193.0,,208.0,,118.0,73.0,57.0,153.0,61.0,69.0,63.0,58.0,86.0,147.0,157.0,80.0,249.0,345.0,84.0,272.0,306.0,109.0,69.0,278.0,334.0,193.0,234.0,57.0,108.0,,,,205.0,69.0,295.0,197.0,75.0,296.0,81.0,175.0,55.0,281.0,60.0,83.0,275.0,50.0,295.0,166.0,254.0,84.0,180.0,188.0,61.0
26,140.0,223.0,53.0,235.0,,59.0,316.0,136.0,76.0,285.0,113.0,166.0,61.0,173.0,64.0,294.0,127.0,118.0,137.0,128.0,74.0,142.0,272.0,62.0,,202.0,71.0,106.0,115.0,285.0,323.0,81.0,326.0,60.0,,85.0,175.0,95.0,53.0,189.0,174.0,86.0,254.0,307.0,62.0,319.0,162.0,97.0,195.0,,210.0,,120.0,79.0,59.0,155.0,63.0,233.0,65.0,60.0,90.0,149.0,159.0,84.0,251.0,347.0,86.0,274.0,308.0,121.0,71.0,280.0,336.0,195.0,236.0,59.0,110.0,,,,207.0,71.0,297.0,199.0,77.0,298.0,83.0,179.0,57.0,283.0,62.0,85.0,277.0,52.0,297.0,168.0,258.0,86.0,184.0,190.0,63.0
27,142.0,225.0,55.0,237.0,,61.0,318.0,138.0,78.0,287.0,115.0,168.0,65.0,175.0,66.0,296.0,129.0,120.0,,132.0,76.0,144.0,274.0,64.0,,204.0,73.0,108.0,117.0,287.0,331.0,83.0,328.0,62.0,,87.0,177.0,97.0,55.0,191.0,176.0,88.0,256.0,,64.0,321.0,166.0,99.0,197.0,,212.0,,122.0,83.0,61.0,157.0,65.0,235.0,67.0,62.0,92.0,151.0,161.0,86.0,253.0,349.0,88.0,276.0,310.0,81.0,73.0,282.0,340.0,197.0,240.0,61.0,112.0,,,,209.0,77.0,301.0,201.0,79.0,300.0,85.0,181.0,59.0,285.0,64.0,87.0,279.0,54.0,299.0,170.0,264.0,88.0,186.0,192.0,65.0
28,144.0,229.0,57.0,239.0,,63.0,320.0,140.0,80.0,289.0,117.0,170.0,305.0,177.0,68.0,310.0,131.0,122.0,,134.0,78.0,146.0,280.0,66.0,,206.0,75.0,110.0,119.0,289.0,333.0,85.0,330.0,64.0,,89.0,179.0,99.0,57.0,207.0,178.0,90.0,258.0,,66.0,323.0,168.0,101.0,199.0,,214.0,,124.0,85.0,63.0,159.0,67.0,237.0,69.0,64.0,100.0,153.0,163.0,88.0,255.0,355.0,90.0,278.0,312.0,79.0,77.0,284.0,342.0,199.0,248.0,63.0,114.0,,,,211.0,85.0,303.0,203.0,81.0,302.0,87.0,183.0,61.0,287.0,66.0,93.0,281.0,56.0,301.0,172.0,266.0,90.0,188.0,194.0,67.0
29,146.0,231.0,59.0,241.0,,65.0,322.0,142.0,82.0,291.0,119.0,172.0,307.0,179.0,70.0,314.0,133.0,124.0,,138.0,80.0,148.0,282.0,68.0,,208.0,77.0,112.0,121.0,291.0,285.0,87.0,336.0,66.0,,91.0,181.0,101.0,59.0,215.0,180.0,108.0,260.0,,68.0,325.0,170.0,103.0,205.0,,216.0,,126.0,145.0,65.0,161.0,69.0,239.0,71.0,66.0,106.0,155.0,165.0,90.0,257.0,357.0,92.0,280.0,314.0,,87.0,286.0,344.0,201.0,250.0,65.0,116.0,,,,213.0,89.0,305.0,205.0,83.0,304.0,89.0,185.0,63.0,289.0,68.0,95.0,283.0,58.0,303.0,174.0,268.0,92.0,194.0,196.0,69.0
30,148.0,233.0,61.0,243.0,,67.0,324.0,144.0,84.0,293.0,121.0,174.0,311.0,181.0,72.0,318.0,135.0,126.0,,140.0,84.0,150.0,284.0,70.0,,210.0,79.0,114.0,123.0,293.0,,89.0,350.0,68.0,,93.0,183.0,103.0,61.0,217.0,182.0,110.0,262.0,,70.0,327.0,176.0,105.0,207.0,,218.0,,128.0,147.0,67.0,163.0,71.0,241.0,73.0,68.0,108.0,157.0,167.0,94.0,259.0,359.0,94.0,282.0,316.0,,89.0,288.0,346.0,203.0,,67.0,118.0,,,,215.0,91.0,307.0,209.0,85.0,306.0,91.0,187.0,65.0,291.0,72.0,97.0,285.0,60.0,305.0,176.0,272.0,94.0,198.0,198.0,71.0
31,150.0,235.0,63.0,245.0,,69.0,326.0,148.0,86.0,295.0,123.0,176.0,317.0,183.0,74.0,324.0,137.0,128.0,,142.0,86.0,152.0,286.0,72.0,,212.0,81.0,116.0,125.0,295.0,,91.0,,72.0,,95.0,185.0,105.0,63.0,219.0,184.0,112.0,264.0,,72.0,329.0,178.0,107.0,219.0,,220.0,,130.0,149.0,69.0,165.0,73.0,243.0,75.0,70.0,110.0,159.0,169.0,96.0,261.0,15.0,100.0,284.0,318.0,,91.0,214.0,350.0,205.0,,69.0,120.0,,,,219.0,93.0,309.0,211.0,87.0,308.0,93.0,191.0,67.0,293.0,76.0,99.0,287.0,62.0,307.0,178.0,274.0,98.0,210.0,200.0,73.0
32,152.0,239.0,65.0,247.0,,71.0,328.0,152.0,88.0,297.0,125.0,178.0,325.0,185.0,76.0,330.0,139.0,130.0,,144.0,90.0,154.0,288.0,76.0,,214.0,83.0,118.0,127.0,297.0,,93.0,,74.0,,97.0,187.0,107.0,65.0,225.0,186.0,114.0,266.0,,74.0,331.0,192.0,109.0,225.0,,232.0,,132.0,157.0,71.0,167.0,75.0,245.0,77.0,72.0,112.0,161.0,171.0,100.0,263.0,,106.0,286.0,320.0,,93.0,,354.0,207.0,,71.0,122.0,,,,221.0,95.0,311.0,223.0,89.0,310.0,95.0,193.0,69.0,295.0,80.0,101.0,289.0,64.0,309.0,180.0,276.0,100.0,142.0,202.0,75.0
33,160.0,241.0,67.0,249.0,,73.0,330.0,,90.0,299.0,127.0,180.0,333.0,187.0,78.0,332.0,141.0,132.0,,146.0,92.0,156.0,290.0,78.0,,216.0,85.0,120.0,129.0,299.0,,97.0,,76.0,,99.0,189.0,109.0,67.0,,188.0,116.0,268.0,,76.0,333.0,,111.0,227.0,,234.0,,134.0,159.0,73.0,169.0,77.0,247.0,79.0,74.0,116.0,163.0,173.0,272.0,265.0,,112.0,288.0,322.0,,97.0,,32.0,209.0,,73.0,124.0,,,,223.0,97.0,313.0,225.0,97.0,312.0,97.0,195.0,73.0,297.0,84.0,105.0,291.0,66.0,311.0,182.0,280.0,102.0,142.0,204.0,77.0
34,162.0,243.0,69.0,251.0,,327.0,332.0,,92.0,301.0,129.0,182.0,335.0,189.0,80.0,334.0,143.0,134.0,,148.0,310.0,158.0,292.0,80.0,,220.0,87.0,122.0,131.0,301.0,,101.0,,78.0,,101.0,191.0,111.0,69.0,,190.0,118.0,270.0,,78.0,335.0,,113.0,229.0,,236.0,,136.0,161.0,75.0,171.0,79.0,249.0,81.0,58.0,122.0,165.0,175.0,278.0,269.0,,114.0,290.0,324.0,,103.0,,,211.0,,75.0,126.0,,,,225.0,99.0,317.0,227.0,99.0,314.0,99.0,197.0,347.0,299.0,88.0,107.0,293.0,68.0,313.0,184.0,282.0,104.0,,206.0,81.0
35,164.0,245.0,71.0,253.0,,329.0,334.0,,94.0,305.0,131.0,184.0,337.0,193.0,82.0,336.0,145.0,136.0,,150.0,312.0,160.0,294.0,84.0,,222.0,89.0,124.0,133.0,303.0,,103.0,,80.0,,103.0,193.0,127.0,71.0,,192.0,120.0,272.0,,80.0,339.0,,115.0,235.0,,238.0,,138.0,163.0,77.0,173.0,83.0,251.0,83.0,54.0,124.0,167.0,177.0,280.0,273.0,,118.0,292.0,326.0,,107.0,,,213.0,,77.0,128.0,,,,175.0,101.0,319.0,229.0,103.0,316.0,101.0,199.0,349.0,301.0,92.0,109.0,295.0,70.0,315.0,186.0,284.0,106.0,,208.0,83.0
36,168.0,247.0,73.0,255.0,,331.0,336.0,,96.0,307.0,133.0,186.0,339.0,195.0,84.0,338.0,147.0,138.0,,152.0,332.0,,296.0,86.0,,230.0,91.0,126.0,137.0,305.0,,105.0,,82.0,,105.0,195.0,273.0,273.0,,194.0,122.0,274.0,,82.0,341.0,,117.0,237.0,,240.0,,140.0,165.0,79.0,175.0,87.0,253.0,85.0,,126.0,169.0,179.0,282.0,277.0,,126.0,294.0,328.0,,115.0,,,215.0,,79.0,130.0,,,,171.0,103.0,321.0,231.0,105.0,318.0,103.0,201.0,353.0,303.0,94.0,111.0,297.0,74.0,317.0,188.0,288.0,108.0,,210.0,85.0
37,178.0,249.0,75.0,257.0,,335.0,338.0,,98.0,309.0,135.0,188.0,341.0,175.0,92.0,340.0,149.0,140.0,,154.0,342.0,,298.0,88.0,,204.0,93.0,128.0,103.0,309.0,,107.0,,84.0,,107.0,197.0,279.0,275.0,,196.0,126.0,276.0,,84.0,345.0,,119.0,239.0,,242.0,,142.0,167.0,81.0,177.0,89.0,255.0,87.0,,284.0,171.0,181.0,284.0,281.0,,128.0,296.0,330.0,,117.0,,,217.0,,81.0,132.0,,,,,105.0,323.0,233.0,267.0,320.0,105.0,205.0,355.0,305.0,102.0,115.0,299.0,76.0,319.0,190.0,238.0,112.0,,212.0,89.0
38,186.0,251.0,77.0,259.0,,337.0,340.0,,100.0,311.0,137.0,190.0,343.0,,66.0,342.0,153.0,142.0,,156.0,352.0,,300.0,90.0,,,95.0,130.0,,311.0,,109.0,,86.0,,109.0,199.0,281.0,277.0,,198.0,128.0,278.0,,86.0,347.0,,121.0,255.0,,244.0,,144.0,169.0,83.0,179.0,91.0,269.0,89.0,,288.0,159.0,183.0,286.0,283.0,,132.0,298.0,332.0,,119.0,,,219.0,,83.0,134.0,,,,,107.0,339.0,235.0,269.0,322.0,107.0,209.0,357.0,307.0,106.0,117.0,301.0,78.0,321.0,194.0,236.0,114.0,,214.0,91.0
39,198.0,253.0,79.0,261.0,,339.0,342.0,,102.0,313.0,139.0,192.0,347.0,,,344.0,115.0,144.0,,158.0,50.0,,302.0,92.0,,,97.0,132.0,,313.0,,111.0,,88.0,,111.0,201.0,283.0,279.0,,200.0,130.0,280.0,,88.0,,,123.0,265.0,,246.0,,148.0,171.0,85.0,181.0,93.0,273.0,91.0,,294.0,,185.0,288.0,285.0,,88.0,300.0,334.0,,125.0,,,221.0,,85.0,136.0,,,,,109.0,341.0,239.0,277.0,324.0,111.0,211.0,359.0,309.0,108.0,119.0,303.0,80.0,323.0,196.0,,118.0,,216.0,93.0
40,,255.0,81.0,263.0,,341.0,344.0,,104.0,315.0,141.0,194.0,355.0,,,346.0,109.0,148.0,,160.0,54.0,,304.0,94.0,,,99.0,134.0,,315.0,,113.0,,90.0,,113.0,203.0,285.0,281.0,,202.0,132.0,282.0,,90.0,,,125.0,279.0,,248.0,,150.0,173.0,87.0,185.0,99.0,289.0,93.0,,300.0,,187.0,290.0,287.0,,,302.0,336.0,,129.0,,,223.0,,87.0,138.0,,,,,111.0,343.0,241.0,279.0,326.0,113.0,213.0,,311.0,110.0,39.0,307.0,82.0,325.0,198.0,,124.0,,218.0,95.0
41,,257.0,83.0,265.0,,343.0,346.0,,106.0,317.0,143.0,196.0,357.0,,,348.0,,150.0,,162.0,,,306.0,96.0,,,101.0,136.0,,317.0,,115.0,,92.0,,115.0,207.0,287.0,283.0,,204.0,134.0,286.0,,92.0,,,127.0,285.0,,250.0,,160.0,175.0,89.0,189.0,101.0,291.0,95.0,,304.0,,189.0,292.0,289.0,,,304.0,338.0,,131.0,,,231.0,,89.0,140.0,,,,,113.0,353.0,243.0,281.0,328.0,115.0,215.0,,313.0,128.0,,265.0,84.0,327.0,200.0,,132.0,,220.0,97.0
42,,263.0,85.0,267.0,,345.0,348.0,,112.0,319.0,145.0,198.0,359.0,,,350.0,,152.0,,164.0,,,308.0,100.0,,,103.0,138.0,,319.0,,117.0,,94.0,,117.0,211.0,289.0,285.0,,206.0,138.0,288.0,,94.0,,,129.0,289.0,,252.0,,182.0,177.0,91.0,191.0,103.0,293.0,97.0,,306.0,,191.0,294.0,291.0,,,306.0,340.0,,133.0,,,247.0,,91.0,142.0,,,,,117.0,253.0,245.0,283.0,330.0,117.0,219.0,,315.0,130.0,,,86.0,329.0,204.0,,136.0,,222.0,99.0
43,,267.0,87.0,269.0,,347.0,350.0,,116.0,329.0,147.0,200.0,,,,352.0,,156.0,,166.0,,,310.0,104.0,,,105.0,142.0,,321.0,,119.0,,96.0,,119.0,213.0,291.0,287.0,,208.0,140.0,292.0,,96.0,,,131.0,291.0,,254.0,,184.0,179.0,93.0,197.0,105.0,295.0,99.0,,308.0,,193.0,296.0,213.0,,,308.0,342.0,,143.0,,,249.0,,93.0,144.0,,,,,119.0,253.0,247.0,285.0,344.0,119.0,221.0,,317.0,132.0,,,88.0,331.0,166.0,,138.0,,224.0,101.0
44,,269.0,89.0,271.0,,349.0,352.0,,118.0,331.0,149.0,202.0,,,,354.0,,164.0,,170.0,,,,106.0,,,107.0,146.0,,323.0,,121.0,,98.0,,121.0,215.0,293.0,289.0,,210.0,142.0,294.0,,98.0,,,133.0,295.0,,256.0,,186.0,181.0,95.0,199.0,107.0,297.0,101.0,,310.0,,195.0,298.0,,,,310.0,344.0,,145.0,,,253.0,,95.0,150.0,,,,,121.0,,249.0,287.0,290.0,121.0,225.0,,319.0,136.0,,,90.0,333.0,154.0,,140.0,,226.0,213.0
45,,271.0,91.0,273.0,,351.0,354.0,,344.0,333.0,151.0,204.0,,,,356.0,,90.0,,172.0,,,,110.0,,,307.0,148.0,,325.0,,127.0,,100.0,,123.0,217.0,295.0,291.0,,212.0,144.0,296.0,,100.0,,,135.0,303.0,,258.0,,188.0,183.0,97.0,201.0,109.0,299.0,103.0,,314.0,,197.0,300.0,,,,312.0,346.0,,147.0,,,255.0,,97.0,154.0,,,,,123.0,,251.0,289.0,,123.0,231.0,,321.0,140.0,,,92.0,337.0,,,152.0,,228.0,215.0
46,,273.0,93.0,,,353.0,356.0,,346.0,335.0,153.0,208.0,,,,358.0,,88.0,,176.0,,,,112.0,,,311.0,150.0,,327.0,,129.0,,102.0,,125.0,219.0,297.0,293.0,,214.0,146.0,298.0,,102.0,,,137.0,305.0,,260.0,,190.0,185.0,99.0,207.0,111.0,301.0,105.0,,316.0,,199.0,302.0,,,,314.0,350.0,,149.0,,,187.0,,99.0,156.0,,,,,125.0,,253.0,291.0,,125.0,145.0,,323.0,142.0,,,94.0,339.0,,,158.0,,230.0,217.0
47,,275.0,95.0,,,355.0,358.0,,348.0,337.0,155.0,212.0,,,,270.0,,,,178.0,,,,116.0,,,313.0,154.0,,,,133.0,,104.0,,127.0,221.0,299.0,295.0,,216.0,148.0,300.0,,104.0,,,139.0,307.0,,262.0,,192.0,187.0,101.0,209.0,113.0,303.0,107.0,,318.0,,201.0,304.0,,,,316.0,356.0,,151.0,,,,,101.0,158.0,,,,,127.0,,255.0,293.0,,127.0,,,325.0,146.0,,,96.0,341.0,,,166.0,,232.0,219.0
48,,277.0,97.0,,,357.0,320.0,,350.0,339.0,157.0,216.0,,,,,,,,180.0,,,,232.0,,,317.0,156.0,,,,135.0,,106.0,,129.0,223.0,301.0,297.0,,218.0,150.0,302.0,,106.0,,,141.0,309.0,,268.0,,194.0,189.0,103.0,211.0,115.0,305.0,111.0,,320.0,,203.0,306.0,,,,326.0,358.0,,153.0,,,,,103.0,160.0,,,,,129.0,,257.0,295.0,,129.0,,,327.0,148.0,,,98.0,343.0,,,172.0,,234.0,221.0
49,,279.0,99.0,,,359.0,,,352.0,341.0,159.0,218.0,,,,,,,,182.0,,,,234.0,,,321.0,,,,,137.0,,108.0,,133.0,225.0,303.0,299.0,,220.0,152.0,306.0,,108.0,,,143.0,311.0,,272.0,,196.0,191.0,105.0,213.0,117.0,307.0,117.0,,322.0,,205.0,308.0,,,,,,,155.0,,,,,105.0,164.0,,,,,131.0,,259.0,297.0,,131.0,,,329.0,150.0,,,100.0,345.0,,,174.0,,236.0,223.0
50,,281.0,101.0,,,59.0,,,354.0,345.0,161.0,220.0,,,,,,,,184.0,,,,236.0,,,323.0,,,,,139.0,,110.0,,135.0,227.0,305.0,301.0,,222.0,154.0,308.0,,110.0,,,145.0,313.0,,276.0,,198.0,193.0,107.0,215.0,119.0,309.0,121.0,,324.0,,207.0,310.0,,,,,,,157.0,,,,,107.0,166.0,,,,,133.0,,261.0,299.0,,133.0,,,331.0,152.0,,,104.0,347.0,,,180.0,,240.0,225.0
51,,283.0,103.0,,,,,,356.0,349.0,163.0,222.0,,,,,,,,188.0,,,,238.0,,,325.0,,,,,141.0,,112.0,,139.0,229.0,307.0,303.0,,224.0,156.0,310.0,,112.0,,,147.0,315.0,,278.0,,200.0,195.0,109.0,221.0,121.0,311.0,123.0,,326.0,,209.0,312.0,,,,,,,159.0,,,,,109.0,168.0,,,,,135.0,,263.0,301.0,,135.0,,,333.0,154.0,,,332.0,355.0,,,182.0,,242.0,227.0
52,,285.0,105.0,,,,,,358.0,351.0,165.0,224.0,,,,,,,,190.0,,,,240.0,,,327.0,,,,,143.0,,114.0,,143.0,231.0,309.0,315.0,,226.0,158.0,312.0,,114.0,,,149.0,317.0,,280.0,,202.0,197.0,111.0,223.0,123.0,313.0,125.0,,328.0,,211.0,314.0,,,,,,,161.0,,,,,111.0,170.0,,,,,137.0,,265.0,303.0,,,,,335.0,156.0,,,344.0,,,,184.0,,244.0,229.0
53,,273.0,107.0,,,,,,,355.0,167.0,226.0,,,,,,,,196.0,,,,242.0,,,329.0,,,,,145.0,,118.0,,151.0,237.0,311.0,317.0,,228.0,160.0,314.0,,116.0,,,151.0,319.0,,290.0,,204.0,199.0,113.0,,135.0,315.0,127.0,,330.0,,213.0,316.0,,,,,,,163.0,,,,,113.0,172.0,,,,,139.0,,267.0,305.0,,,,,337.0,162.0,,,346.0,,,,186.0,,246.0,231.0
54,,,109.0,,,,,,,359.0,169.0,,,,,,,,,198.0,,,,244.0,,,331.0,,,,,147.0,,348.0,,153.0,241.0,313.0,319.0,,230.0,162.0,316.0,,118.0,,,153.0,321.0,,292.0,,206.0,201.0,119.0,,141.0,317.0,129.0,,332.0,,215.0,318.0,,,,,,,165.0,,,,,115.0,174.0,,,,,141.0,,269.0,307.0,,,,,339.0,172.0,,,348.0,,,,188.0,,248.0,233.0
55,,,117.0,,,,,,,7.0,171.0,,,,,,,,,202.0,,,,248.0,,,335.0,,,,,149.0,,350.0,,155.0,243.0,315.0,321.0,,232.0,164.0,320.0,,120.0,,,155.0,323.0,,294.0,,208.0,203.0,121.0,,143.0,319.0,131.0,,334.0,,217.0,320.0,,,,,,,167.0,,,,,117.0,176.0,,,,,143.0,,271.0,309.0,,,,,341.0,188.0,,,350.0,,,,190.0,,250.0,235.0
56,,,121.0,,,,,,,23.0,173.0,,,,,,,,,210.0,,,,250.0,,,337.0,,,,,151.0,,352.0,,97.0,247.0,317.0,323.0,,240.0,166.0,322.0,,122.0,,,157.0,325.0,,300.0,,210.0,205.0,309.0,,151.0,321.0,133.0,,336.0,,219.0,322.0,,,,,,,169.0,,,,,119.0,180.0,,,,,145.0,,273.0,311.0,,,,,345.0,352.0,,,352.0,,,,196.0,,252.0,237.0
57,,,125.0,,,,,,,,175.0,,,,,,,,,218.0,,,,252.0,,,339.0,,,,,153.0,,354.0,,,249.0,319.0,325.0,,242.0,168.0,324.0,,124.0,,,159.0,333.0,,302.0,,198.0,207.0,311.0,,155.0,323.0,135.0,,338.0,,221.0,324.0,,,,,,,171.0,,,,,121.0,182.0,,,,,147.0,,275.0,313.0,,,,,351.0,354.0,,,354.0,,,,198.0,,254.0,239.0
58,,,127.0,,,,,,,,177.0,,,,,,,,,220.0,,,,254.0,,,351.0,,,,,155.0,,356.0,,,251.0,321.0,327.0,,248.0,170.0,326.0,,126.0,,,167.0,335.0,,304.0,,,209.0,313.0,,157.0,325.0,137.0,,340.0,,223.0,326.0,,,,,,,173.0,,,,,123.0,188.0,,,,,153.0,,277.0,315.0,,,,,,356.0,,,356.0,,,,200.0,,256.0,241.0
59,,,129.0,,,,,,,,179.0,,,,,,,,,226.0,,,,256.0,,,359.0,,,,,157.0,,358.0,,,253.0,323.0,329.0,,250.0,172.0,328.0,,128.0,,,171.0,345.0,,306.0,,,211.0,315.0,,159.0,327.0,139.0,,342.0,,225.0,328.0,,,,,,,175.0,,,,,125.0,190.0,,,,,161.0,,279.0,317.0,,,,,,358.0,,,358.0,,,,202.0,,258.0,243.0
60,,,131.0,,,,,,,,181.0,,,,,,,,,228.0,,,,258.0,,,99.0,,,,,159.0,,18.0,,,255.0,325.0,331.0,,252.0,174.0,330.0,,132.0,,,173.0,349.0,,308.0,,,213.0,317.0,,163.0,329.0,141.0,,344.0,,227.0,330.0,,,,,,,177.0,,,,,127.0,192.0,,,,,163.0,,281.0,319.0,,,,,,,,,,,,,206.0,,260.0,245.0
61,,,133.0,,,,,,,,183.0,,,,,,,,,234.0,,,,260.0,,,103.0,,,,,161.0,,,,,257.0,327.0,333.0,,260.0,176.0,332.0,,134.0,,,59.0,353.0,,310.0,,,215.0,319.0,,167.0,341.0,145.0,,354.0,,229.0,332.0,,,,,,,179.0,,,,,129.0,194.0,,,,,173.0,,283.0,321.0,,,,,,,,,,,,,214.0,,262.0,247.0
62,,,135.0,,,,,,,,185.0,,,,,,,,,152.0,,,,262.0,,,,,,,,163.0,,,,,259.0,329.0,335.0,,264.0,178.0,334.0,,136.0,,,57.0,167.0,,312.0,,,217.0,321.0,,169.0,303.0,147.0,,356.0,,231.0,334.0,,,,,,,181.0,,,,,131.0,196.0,,,,,233.0,,285.0,323.0,,,,,,,,,,,,,224.0,,264.0,249.0
63,,,137.0,,,,,,,,187.0,,,,,,,,,,,,,264.0,,,,,,,,167.0,,,,,261.0,331.0,337.0,,266.0,180.0,336.0,,138.0,,,,,,318.0,,,219.0,323.0,,171.0,,149.0,,,,235.0,346.0,,,,,,,183.0,,,,,133.0,198.0,,,,,235.0,,287.0,325.0,,,,,,,,,,,,,230.0,,268.0,251.0
64,,,139.0,,,,,,,,189.0,,,,,,,,,,,,,266.0,,,,,,,,169.0,,,,,263.0,333.0,339.0,,268.0,182.0,338.0,,140.0,,,,,,320.0,,,221.0,325.0,,173.0,,151.0,,,,237.0,350.0,,,,,,,185.0,,,,,135.0,200.0,,,,,237.0,,289.0,327.0,,,,,,,,,,,,,232.0,,270.0,253.0
65,,,141.0,,,,,,,,191.0,,,,,,,,,,,,,268.0,,,,,,,,171.0,,,,,265.0,335.0,341.0,,270.0,184.0,340.0,,142.0,,,,,,322.0,,,223.0,327.0,,175.0,,153.0,,,,243.0,356.0,,,,,,,187.0,,,,,137.0,202.0,,,,,239.0,,291.0,329.0,,,,,,,,,,,,,234.0,,272.0,255.0
66,,,143.0,,,,,,,,193.0,,,,,,,,,,,,,270.0,,,,,,,,173.0,,,,,267.0,337.0,343.0,,272.0,186.0,342.0,,144.0,,,,,,330.0,,,225.0,329.0,,177.0,,155.0,,,,245.0,,,,,,,,189.0,,,,,139.0,204.0,,,,,241.0,,293.0,331.0,,,,,,,,,,,,,236.0,,276.0,257.0
67,,,145.0,,,,,,,,195.0,,,,,,,,,,,,,272.0,,,,,,,,175.0,,,,,269.0,339.0,345.0,,274.0,188.0,344.0,,146.0,,,,,,334.0,,,227.0,331.0,,181.0,,157.0,,,,247.0,,,,,,,,191.0,,,,,141.0,206.0,,,,,243.0,,295.0,333.0,,,,,,,,,,,,,238.0,,278.0,259.0
68,,,147.0,,,,,,,,197.0,,,,,,,,,,,,,274.0,,,,,,,,179.0,,,,,271.0,341.0,347.0,,276.0,190.0,346.0,,148.0,,,,,,340.0,,,229.0,333.0,,183.0,,159.0,,,,249.0,,,,,,,,193.0,,,,,143.0,208.0,,,,,245.0,,297.0,335.0,,,,,,,,,,,,,240.0,,282.0,261.0
69,,,149.0,,,,,,,,199.0,,,,,,,,,,,,,276.0,,,,,,,,181.0,,,,,273.0,343.0,349.0,,278.0,192.0,348.0,,150.0,,,,,,342.0,,,231.0,335.0,,185.0,,161.0,,,,251.0,,,,,,,,195.0,,,,,145.0,210.0,,,,,247.0,,301.0,337.0,,,,,,,,,,,,,242.0,,284.0,263.0
70,,,151.0,,,,,,,,201.0,,,,,,,,,,,,,278.0,,,,,,,,183.0,,,,,275.0,345.0,351.0,,280.0,194.0,350.0,,152.0,,,,,,346.0,,,233.0,337.0,,187.0,,163.0,,,,253.0,,,,,,,,197.0,,,,,147.0,212.0,,,,,253.0,,307.0,339.0,,,,,,,,,,,,,244.0,,286.0,265.0
71,,,153.0,,,,,,,,203.0,,,,,,,,,,,,,280.0,,,,,,,,185.0,,,,,277.0,347.0,353.0,,282.0,196.0,354.0,,154.0,,,,,,,,,235.0,339.0,,189.0,,165.0,,,,255.0,,,,,,,,199.0,,,,,151.0,346.0,,,,,265.0,,309.0,347.0,,,,,,,,,,,,,246.0,,288.0,267.0
72,,,155.0,,,,,,,,205.0,,,,,,,,,,,,,282.0,,,,,,,,187.0,,,,,279.0,349.0,355.0,,292.0,198.0,356.0,,156.0,,,,,,,,,237.0,341.0,,191.0,,167.0,,,,257.0,,,,,,,,201.0,,,,,153.0,352.0,,,,,269.0,,313.0,349.0,,,,,,,,,,,,,356.0,,290.0,269.0
73,,,157.0,,,,,,,,207.0,,,,,,,,,,,,,284.0,,,,,,,,193.0,,,,,281.0,351.0,357.0,,294.0,202.0,358.0,,158.0,,,,,,,,,239.0,343.0,,193.0,,169.0,,,,259.0,,,,,,,,203.0,,,,,155.0,354.0,,,,,271.0,,315.0,351.0,,,,,,,,,,,,,358.0,,292.0,271.0
74,,,159.0,,,,,,,,209.0,,,,,,,,,,,,,286.0,,,,,,,,195.0,,,,,269.0,353.0,359.0,,296.0,206.0,332.0,,164.0,,,,,,,,,241.0,345.0,,195.0,,171.0,,,,261.0,,,,,,,,205.0,,,,,159.0,356.0,,,,,273.0,,317.0,353.0,,,,,,,,,,,,,234.0,,298.0,273.0
75,,,161.0,,,,,,,,211.0,,,,,,,,,,,,,288.0,,,,,,,,197.0,,,,,275.0,355.0,,,298.0,208.0,,,172.0,,,,,,,,,243.0,359.0,,197.0,,173.0,,,,263.0,,,,,,,,207.0,,,,,161.0,358.0,,,,,275.0,,319.0,355.0,,,,,,,,,,,,,,,302.0,277.0
76,,,163.0,,,,,,,,213.0,,,,,,,,,,,,,292.0,,,,,,,,199.0,,,,,,99.0,,,300.0,210.0,,,174.0,,,,,,,,,245.0,,,199.0,,175.0,,,,275.0,,,,,,,,209.0,,,,,163.0,198.0,,,,,277.0,,321.0,,,,,,,,,,,,,,,,308.0,289.0
77,,,167.0,,,,,,,,215.0,,,,,,,,,,,,,294.0,,,,,,,,201.0,,,,,,,,,302.0,212.0,,,176.0,,,,,,,,,247.0,,,201.0,,177.0,,,,277.0,,,,,,,,211.0,,,,,165.0,,,,,,279.0,,323.0,,,,,,,,,,,,,,,,310.0,291.0
78,,,169.0,,,,,,,,217.0,,,,,,,,,,,,,296.0,,,,,,,,203.0,,,,,,,,,304.0,214.0,,,178.0,,,,,,,,,249.0,,,203.0,,179.0,,,,283.0,,,,,,,,213.0,,,,,167.0,,,,,,283.0,,325.0,,,,,,,,,,,,,,,,314.0,293.0
79,,,171.0,,,,,,,,219.0,,,,,,,,,,,,,298.0,,,,,,,,205.0,,,,,,,,,306.0,216.0,,,180.0,,,,,,,,,251.0,,,205.0,,181.0,,,,291.0,,,,,,,,215.0,,,,,169.0,,,,,,285.0,,327.0,,,,,,,,,,,,,,,,318.0,295.0
80,,,173.0,,,,,,,,221.0,,,,,,,,,,,,,300.0,,,,,,,,207.0,,,,,,,,,308.0,218.0,,,182.0,,,,,,,,,253.0,,,207.0,,183.0,,,,255.0,,,,,,,,217.0,,,,,171.0,,,,,,287.0,,329.0,,,,,,,,,,,,,,,,324.0,297.0
81,,,175.0,,,,,,,,223.0,,,,,,,,,,,,,302.0,,,,,,,,213.0,,,,,,,,,310.0,220.0,,,184.0,,,,,,,,,255.0,,,209.0,,185.0,,,,,,,,,,,,219.0,,,,,173.0,,,,,,289.0,,331.0,,,,,,,,,,,,,,,,328.0,299.0
82,,,177.0,,,,,,,,225.0,,,,,,,,,,,,,304.0,,,,,,,,217.0,,,,,,,,,312.0,222.0,,,186.0,,,,,,,,,257.0,,,211.0,,189.0,,,,,,,,,,,,221.0,,,,,175.0,,,,,,293.0,,333.0,,,,,,,,,,,,,,,,330.0,301.0
83,,,179.0,,,,,,,,227.0,,,,,,,,,,,,,306.0,,,,,,,,227.0,,,,,,,,,314.0,224.0,,,188.0,,,,,,,,,259.0,,,213.0,,193.0,,,,,,,,,,,,223.0,,,,,177.0,,,,,,295.0,,335.0,,,,,,,,,,,,,,,,334.0,303.0
84,,,181.0,,,,,,,,229.0,,,,,,,,,,,,,308.0,,,,,,,,293.0,,,,,,,,,,226.0,,,190.0,,,,,,,,,261.0,,,215.0,,197.0,,,,,,,,,,,,225.0,,,,,179.0,,,,,,297.0,,337.0,,,,,,,,,,,,,,,,336.0,305.0
85,,,183.0,,,,,,,,231.0,,,,,,,,,,,,,310.0,,,,,,,,297.0,,,,,,,,,,228.0,,,192.0,,,,,,,,,263.0,,,217.0,,335.0,,,,,,,,,,,,345.0,,,,,191.0,,,,,,313.0,,339.0,,,,,,,,,,,,,,,,338.0,307.0
86,,,185.0,,,,,,,,233.0,,,,,,,,,,,,,312.0,,,,,,,,301.0,,,,,,,,,,230.0,,,196.0,,,,,,,,,265.0,,,219.0,,337.0,,,,,,,,,,,,347.0,,,,,195.0,,,,,,317.0,,341.0,,,,,,,,,,,,,,,,342.0,309.0
87,,,189.0,,,,,,,,235.0,,,,,,,,,,,,,314.0,,,,,,,,303.0,,,,,,,,,,232.0,,,198.0,,,,,,,,,267.0,,,221.0,,341.0,,,,,,,,,,,,215.0,,,,,197.0,,,,,,319.0,,343.0,,,,,,,,,,,,,,,,344.0,311.0
88,,,191.0,,,,,,,,237.0,,,,,,,,,,,,,316.0,,,,,,,,305.0,,,,,,,,,,234.0,,,200.0,,,,,,,,,269.0,,,223.0,,343.0,,,,,,,,,,,,,,,,,199.0,,,,,,323.0,,345.0,,,,,,,,,,,,,,,,346.0,313.0
89,,,193.0,,,,,,,,239.0,,,,,,,,,,,,,318.0,,,,,,,,307.0,,,,,,,,,,236.0,,,302.0,,,,,,,,,271.0,,,225.0,,345.0,,,,,,,,,,,,,,,,,201.0,,,,,,325.0,,347.0,,,,,,,,,,,,,,,,348.0,315.0
90,,,195.0,,,,,,,,241.0,,,,,,,,,,,,,320.0,,,,,,,,309.0,,,,,,,,,,238.0,,,310.0,,,,,,,,,273.0,,,227.0,,349.0,,,,,,,,,,,,,,,,,203.0,,,,,,327.0,,349.0,,,,,,,,,,,,,,,,350.0,317.0
91,,,197.0,,,,,,,,243.0,,,,,,,,,,,,,322.0,,,,,,,,311.0,,,,,,,,,,240.0,,,312.0,,,,,,,,,275.0,,,229.0,,351.0,,,,,,,,,,,,,,,,,205.0,,,,,,329.0,,351.0,,,,,,,,,,,,,,,,352.0,319.0
92,,,199.0,,,,,,,,245.0,,,,,,,,,,,,,324.0,,,,,,,,313.0,,,,,,,,,,242.0,,,314.0,,,,,,,,,277.0,,,231.0,,353.0,,,,,,,,,,,,,,,,,207.0,,,,,,331.0,,353.0,,,,,,,,,,,,,,,,358.0,321.0
93,,,201.0,,,,,,,,247.0,,,,,,,,,,,,,326.0,,,,,,,,315.0,,,,,,,,,,250.0,,,320.0,,,,,,,,,279.0,,,233.0,,355.0,,,,,,,,,,,,,,,,,209.0,,,,,,333.0,,355.0,,,,,,,,,,,,,,,,,323.0
94,,,203.0,,,,,,,,249.0,,,,,,,,,,,,,328.0,,,,,,,,317.0,,,,,,,,,,260.0,,,324.0,,,,,,,,,281.0,,,235.0,,357.0,,,,,,,,,,,,,,,,,211.0,,,,,,335.0,,357.0,,,,,,,,,,,,,,,,,325.0
95,,,207.0,,,,,,,,251.0,,,,,,,,,,,,,330.0,,,,,,,,319.0,,,,,,,,,,262.0,,,326.0,,,,,,,,,283.0,,,237.0,,359.0,,,,,,,,,,,,,,,,,213.0,,,,,,341.0,,359.0,,,,,,,,,,,,,,,,,327.0
96,,,209.0,,,,,,,,253.0,,,,,,,,,,,,,332.0,,,,,,,,321.0,,,,,,,,,,268.0,,,328.0,,,,,,,,,285.0,,,239.0,,59.0,,,,,,,,,,,,,,,,,215.0,,,,,,343.0,,,,,,,,,,,,,,,,,,,329.0
97,,,211.0,,,,,,,,255.0,,,,,,,,,,,,,334.0,,,,,,,,323.0,,,,,,,,,,270.0,,,330.0,,,,,,,,,287.0,,,243.0,,,,,,,,,,,,,,,,,,,217.0,,,,,,345.0,,,,,,,,,,,,,,,,,,,331.0
98,,,213.0,,,,,,,,257.0,,,,,,,,,,,,,336.0,,,,,,,,325.0,,,,,,,,,,272.0,,,332.0,,,,,,,,,289.0,,,247.0,,,,,,,,,,,,,,,,,,,219.0,,,,,,347.0,,,,,,,,,,,,,,,,,,,333.0
99,,,217.0,,,,,,,,259.0,,,,,,,,,,,,,338.0,,,,,,,,331.0,,,,,,,,,,276.0,,,334.0,,,,,,,,,291.0,,,199.0,,,,,,,,,,,,,,,,,,,221.0,,,,,,349.0,,,,,,,,,,,,,,,,,,,335.0
100,,,229.0,,,,,,,,261.0,,,,,,,,,,,,,340.0,,,,,,,,333.0,,,,,,,,,,278.0,,,336.0,,,,,,,,,293.0,,,205.0,,,,,,,,,,,,,,,,,,,223.0,,,,,,351.0,,,,,,,,,,,,,,,,,,,337.0
101,,,235.0,,,,,,,,263.0,,,,,,,,,,,,,342.0,,,,,,,,335.0,,,,,,,,,,280.0,,,338.0,,,,,,,,,295.0,,,,,,,,,,,,,,,,,,,,,,225.0,,,,,,353.0,,,,,,,,,,,,,,,,,,,339.0
102,,,237.0,,,,,,,,267.0,,,,,,,,,,,,,352.0,,,,,,,,337.0,,,,,,,,,,282.0,,,340.0,,,,,,,,,297.0,,,,,,,,,,,,,,,,,,,,,,227.0,,,,,,355.0,,,,,,,,,,,,,,,,,,,341.0
103,,,239.0,,,,,,,,269.0,,,,,,,,,,,,,354.0,,,,,,,,339.0,,,,,,,,,,288.0,,,342.0,,,,,,,,,299.0,,,,,,,,,,,,,,,,,,,,,,249.0,,,,,,357.0,,,,,,,,,,,,,,,,,,,343.0
104,,,241.0,,,,,,,,273.0,,,,,,,,,,,,,356.0,,,,,,,,345.0,,,,,,,,,,290.0,,,344.0,,,,,,,,,303.0,,,,,,,,,,,,,,,,,,,,,,251.0,,,,,,359.0,,,,,,,,,,,,,,,,,,,345.0
105,,,243.0,,,,,,,,275.0,,,,,,,,,,,,,358.0,,,,,,,,347.0,,,,,,,,,,,,,346.0,,,,,,,,,305.0,,,,,,,,,,,,,,,,,,,,,,253.0,,,,,,,,,,,,,,,,,,,,,,,,,347.0
106,,,245.0,,,,,,,,281.0,,,,,,,,,,,,,318.0,,,,,,,,349.0,,,,,,,,,,,,,348.0,,,,,,,,,307.0,,,,,,,,,,,,,,,,,,,,,,255.0,,,,,,,,,,,,,,,,,,,,,,,,,349.0
107,,,247.0,,,,,,,,221.0,,,,,,,,,,,,,,,,,,,,,351.0,,,,,,,,,,,,,352.0,,,,,,,,,313.0,,,,,,,,,,,,,,,,,,,,,,257.0,,,,,,,,,,,,,,,,,,,,,,,,,351.0
108,,,249.0,,,,,,,,,,,,,,,,,,,,,,,,,,,,,353.0,,,,,,,,,,,,,338.0,,,,,,,,,315.0,,,,,,,,,,,,,,,,,,,,,,259.0,,,,,,,,,,,,,,,,,,,,,,,,,353.0
109,,,251.0,,,,,,,,,,,,,,,,,,,,,,,,,,,,,355.0,,,,,,,,,,,,,,,,,,,,,,317.0,,,,,,,,,,,,,,,,,,,,,,261.0,,,,,,,,,,,,,,,,,,,,,,,,,355.0
110,,,253.0,,,,,,,,,,,,,,,,,,,,,,,,,,,,,357.0,,,,,,,,,,,,,,,,,,,,,,319.0,,,,,,,,,,,,,,,,,,,,,,263.0,,,,,,,,,,,,,,,,,,,,,,,,,357.0
111,,,255.0,,,,,,,,,,,,,,,,,,,,,,,,,,,,,359.0,,,,,,,,,,,,,,,,,,,,,,321.0,,,,,,,,,,,,,,,,,,,,,,265.0,,,,,,,,,,,,,,,,,,,,,,,,,359.0
112,,,257.0,,,,,,,,,,,,,,,,,,,,,,,,,,,,,,,,,,,,,,,,,,,,,,,,,,,323.0,,,,,,,,,,,,,,,,,,,,,,267.0,,,,,,,,,,,,,,,,,,,,,,,,,
113,,,259.0,,,,,,,,,,,,,,,,,,,,,,,,,,,,,,,,,,,,,,,,,,,,,,,,,,,325.0,,,,,,,,,,,,,,,,,,,,,,269.0,,,,,,,,,,,,,,,,,,,,,,,,,
114,,,261.0,,,,,,,,,,,,,,,,,,,,,,,,,,,,,,,,,,,,,,,,,,,,,,,,,,,327.0,,,,,,,,,,,,,,,,,,,,,,271.0,,,,,,,,,,,,,,,,,,,,,,,,,
115,,,263.0,,,,,,,,,,,,,,,,,,,,,,,,,,,,,,,,,,,,,,,,,,,,,,,,,,,329.0,,,,,,,,,,,,,,,,,,,,,,273.0,,,,,,,,,,,,,,,,,,,,,,,,,
116,,,265.0,,,,,,,,,,,,,,,,,,,,,,,,,,,,,,,,,,,,,,,,,,,,,,,,,,,331.0,,,,,,,,,,,,,,,,,,,,,,275.0,,,,,,,,,,,,,,,,,,,,,,,,,
117,,,267.0,,,,,,,,,,,,,,,,,,,,,,,,,,,,,,,,,,,,,,,,,,,,,,,,,,,333.0,,,,,,,,,,,,,,,,,,,,,,277.0,,,,,,,,,,,,,,,,,,,,,,,,,
118,,,269.0,,,,,,,,,,,,,,,,,,,,,,,,,,,,,,,,,,,,,,,,,,,,,,,,,,,335.0,,,,,,,,,,,,,,,,,,,,,,279.0,,,,,,,,,,,,,,,,,,,,,,,,,
119,,,273.0,,,,,,,,,,,,,,,,,,,,,,,,,,,,,,,,,,,,,,,,,,,,,,,,,,,337.0,,,,,,,,,,,,,,,,,,,,,,281.0,,,,,,,,,,,,,,,,,,,,,,,,,
120,,,285.0,,,,,,,,,,,,,,,,,,,,,,,,,,,,,,,,,,,,,,,,,,,,,,,,,,,339.0,,,,,,,,,,,,,,,,,,,,,,283.0,,,,,,,,,,,,,,,,,,,,,,,,,
121,,,287.0,,,,,,,,,,,,,,,,,,,,,,,,,,,,,,,,,,,,,,,,,,,,,,,,,,,343.0,,,,,,,,,,,,,,,,,,,,,,285.0,,,,,,,,,,,,,,,,,,,,,,,,,
122,,,289.0,,,,,,,,,,,,,,,,,,,,,,,,,,,,,,,,,,,,,,,,,,,,,,,,,,,345.0,,,,,,,,,,,,,,,,,,,,,,287.0,,,,,,,,,,,,,,,,,,,,,,,,,
123,,,291.0,,,,,,,,,,,,,,,,,,,,,,,,,,,,,,,,,,,,,,,,,,,,,,,,,,,347.0,,,,,,,,,,,,,,,,,,,,,,289.0,,,,,,,,,,,,,,,,,,,,,,,,,
124,,,293.0,,,,,,,,,,,,,,,,,,,,,,,,,,,,,,,,,,,,,,,,,,,,,,,,,,,359.0,,,,,,,,,,,,,,,,,,,,,,349.0,,,,,,,,,,,,,,,,,,,,,,,,,
125,,,297.0,,,,,,,,,,,,,,,,,,,,,,,,,,,,,,,,,,,,,,,,,,,,,,,,,,,,,,,,,,,,,,,,,,,,,,,,,353.0,,,,,,,,,,,,,,,,,,,,,,,,,
126,,,299.0,,,,,,,,,,,,,,,,,,,,,,,,,,,,,,,,,,,,,,,,,,,,,,,,,,,,,,,,,,,,,,,,,,,,,,,,,355.0,,,,,,,,,,,,,,,,,,,,,,,,,
127,,,309.0,,,,,,,,,,,,,,,,,,,,,,,,,,,,,,,,,,,,,,,,,,,,,,,,,,,,,,,,,,,,,,,,,,,,,,,,,357.0,,,,,,,,,,,,,,,,,,,,,,,,,
128,,,311.0,,,,,,,,,,,,,,,,,,,,,,,,,,,,,,,,,,,,,,,,,,,,,,,,,,,,,,,,,,,,,,,,,,,,,,,,,359.0,,,,,,,,,,,,,,,,,,,,,,,,,
129,,,313.0,,,,,,,,,,,,,,,,,,,,,,,,,,,,,,,,,,,,,,,,,,,,,,,,,,,,,,,,,,,,,,,,,,,,,,,,,,,,,,,,,,,,,,,,,,,,,,,,,,
130,,,315.0,,,,,,,,,,,,,,,,,,,,,,,,,,,,,,,,,,,,,,,,,,,,,,,,,,,,,,,,,,,,,,,,,,,,,,,,,,,,,,,,,,,,,,,,,,,,,,,,,,
131,,,319.0,,,,,,,,,,,,,,,,,,,,,,,,,,,,,,,,,,,,,,,,,,,,,,,,,,,,,,,,,,,,,,,,,,,,,,,,,,,,,,,,,,,,,,,,,,,,,,,,,,
132,,,321.0,,,,,,,,,,,,,,,,,,,,,,,,,,,,,,,,,,,,,,,,,,,,,,,,,,,,,,,,,,,,,,,,,,,,,,,,,,,,,,,,,,,,,,,,,,,,,,,,,,
133,,,325.0,,,,,,,,,,,,,,,,,,,,,,,,,,,,,,,,,,,,,,,,,,,,,,,,,,,,,,,,,,,,,,,,,,,,,,,,,,,,,,,,,,,,,,,,,,,,,,,,,,
134,,,327.0,,,,,,,,,,,,,,,,,,,,,,,,,,,,,,,,,,,,,,,,,,,,,,,,,,,,,,,,,,,,,,,,,,,,,,,,,,,,,,,,,,,,,,,,,,,,,,,,,,
135,,,329.0,,,,,,,,,,,,,,,,,,,,,,,,,,,,,,,,,,,,,,,,,,,,,,,,,,,,,,,,,,,,,,,,,,,,,,,,,,,,,,,,,,,,,,,,,,,,,,,,,,
136,,,331.0,,,,,,,,,,,,,,,,,,,,,,,,,,,,,,,,,,,,,,,,,,,,,,,,,,,,,,,,,,,,,,,,,,,,,,,,,,,,,,,,,,,,,,,,,,,,,,,,,,
137,,,333.0,,,,,,,,,,,,,,,,,,,,,,,,,,,,,,,,,,,,,,,,,,,,,,,,,,,,,,,,,,,,,,,,,,,,,,,,,,,,,,,,,,,,,,,,,,,,,,,,,,
138,,,335.0,,,,,,,,,,,,,,,,,,,,,,,,,,,,,,,,,,,,,,,,,,,,,,,,,,,,,,,,,,,,,,,,,,,,,,,,,,,,,,,,,,,,,,,,,,,,,,,,,,
139,,,337.0,,,,,,,,,,,,,,,,,,,,,,,,,,,,,,,,,,,,,,,,,,,,,,,,,,,,,,,,,,,,,,,,,,,,,,,,,,,,,,,,,,,,,,,,,,,,,,,,,,
140,,,339.0,,,,,,,,,,,,,,,,,,,,,,,,,,,,,,,,,,,,,,,,,,,,,,,,,,,,,,,,,,,,,,,,,,,,,,,,,,,,,,,,,,,,,,,,,,,,,,,,,,
141,,,341.0,,,,,,,,,,,,,,,,,,,,,,,,,,,,,,,,,,,,,,,,,,,,,,,,,,,,,,,,,,,,,,,,,,,,,,,,,,,,,,,,,,,,,,,,,,,,,,,,,,
142,,,343.0,,,,,,,,,,,,,,,,,,,,,,,,,,,,,,,,,,,,,,,,,,,,,,,,,,,,,,,,,,,,,,,,,,,,,,,,,,,,,,,,,,,,,,,,,,,,,,,,,,
143,,,345.0,,,,,,,,,,,,,,,,,,,,,,,,,,,,,,,,,,,,,,,,,,,,,,,,,,,,,,,,,,,,,,,,,,,,,,,,,,,,,,,,,,,,,,,,,,,,,,,,,,
144,,,347.0,,,,,,,,,,,,,,,,,,,,,,,,,,,,,,,,,,,,,,,,,,,,,,,,,,,,,,,,,,,,,,,,,,,,,,,,,,,,,,,,,,,,,,,,,,,,,,,,,,
145,,,349.0,,,,,,,,,,,,,,,,,,,,,,,,,,,,,,,,,,,,,,,,,,,,,,,,,,,,,,,,,,,,,,,,,,,,,,,,,,,,,,,,,,,,,,,,,,,,,,,,,,
146,,,351.0,,,,,,,,,,,,,,,,,,,,,,,,,,,,,,,,,,,,,,,,,,,,,,,,,,,,,,,,,,,,,,,,,,,,,,,,,,,,,,,,,,,,,,,,,,,,,,,,,,
147,,,353.0,,,,,,,,,,,,,,,,,,,,,,,,,,,,,,,,,,,,,,,,,,,,,,,,,,,,,,,,,,,,,,,,,,,,,,,,,,,,,,,,,,,,,,,,,,,,,,,,,,
148,,,357.0,,,,,,,,,,,,,,,,,,,,,,,,,,,,,,,,,,,,,,,,,,,,,,,,,,,,,,,,,,,,,,,,,,,,,,,,,,,,,,,,,,,,,,,,,,,,,,,,,,
149,,,359.0,,,,,,,,,,,,,,,,,,,,,,,,,,,,,,,,,,,,,,,,,,,,,,,,,,,,,,,,,,,,,,,,,,,,,,,,,,,,,,,,,,,,,,,,,,,,,,,,,,
150,,,263.0,,,,,,,,,,,,,,,,,,,,,,,,,,,,,,,,,,,,,,,,,,,,,,,,,,,,,,,,,,,,,,,,,,,,,,,,,,,,,,,,,,,,,,,,,,,,,,,,,,
151,,,259.0,,,,,,,,,,,,,,,,,,,,,,,,,,,,,,,,,,,,,,,,,,,,,,,,,,,,,,,,,,,,,,,,,,,,,,,,,,,,,,,,,,,,,,,,,,,,,,,,,,
